{"cameraMode":{"drawMode":0,"name":"Shaded","section":"Shading Mode"},"sceneLighting":false,"audioPlay":false,"sceneViewState":{"showFog":true,"showMaterialUpdate":false,"showSkybox":false,"showFlares":true,"showImageEffects":true,"showParticleSystems":true},"in2DMode":false,"pivot":{"x":10.301566123962403,"y":120.35065460205078,"z":424.73126220703127},"rotation":{"x":0.14166516065597535,"y":0.7313567996025086,"z":-0.16008907556533814,"w":0.6477477550506592},"size":10.162053108215332,"orthographic":false}