{"cameraMode":{"drawMode":0,"name":"Shaded","section":"Shading Mode"},"sceneLighting":false,"audioPlay":false,"sceneViewState":{"showFog":true,"showMaterialUpdate":false,"showSkybox":false,"showFlares":true,"showImageEffects":true,"showParticleSystems":true},"in2DMode":false,"pivot":{"x":166.70703125,"y":939.0557250976563,"z":2938.072021484375},"rotation":{"x":0.07508682459592819,"y":0.8121676445007324,"z":-0.10740339010953903,"w":0.5686556696891785},"size":297.4581604003906,"orthographic":false}