{"cameraMode":{"drawMode":0,"name":"Shaded","section":"Shading Mode"},"sceneLighting":false,"audioPlay":false,"sceneViewState":{"showFog":true,"showMaterialUpdate":false,"showSkybox":false,"showFlares":true,"showImageEffects":true,"showParticleSystems":true},"in2DMode":false,"pivot":{"x":-3.930000066757202,"y":1003.6099853515625,"z":3011.1201171875},"rotation":{"x":0.16097591817378999,"y":-0.02769484557211399,"z":0.004314878955483437,"w":0.9867041707038879},"size":2.857884645462036,"orthographic":false}