{"cameraMode":{"drawMode":0,"name":"Shaded","section":"Shading Mode"},"sceneLighting":true,"audioPlay":false,"sceneViewState":{"showFog":true,"showMaterialUpdate":false,"showSkybox":true,"showFlares":true,"showImageEffects":true,"showParticleSystems":true},"in2DMode":false,"pivot":{"x":-110.83702087402344,"y":1066.58984375,"z":3101.40283203125},"rotation":{"x":0.01691460609436035,"y":0.9556794762611389,"z":-0.28875091671943667,"w":0.05631227418780327},"size":5.5972795486450199,"orthographic":false}