{"cameraMode":{"drawMode":0,"name":"Shaded","section":"Shading Mode"},"sceneLighting":true,"audioPlay":false,"sceneViewState":{"showFog":true,"showMaterialUpdate":false,"showSkybox":true,"showFlares":true,"showImageEffects":true,"showParticleSystems":true},"in2DMode":false,"pivot":{"x":-14.044048309326172,"y":995.9630126953125,"z":2998.751953125},"rotation":{"x":0.09201144427061081,"y":-0.8931337594985962,"z":0.21256230771541596,"w":0.3859040439128876},"size":28.8974666595459,"orthographic":false}