{"cameraMode":{"drawMode":0,"name":"Shaded","section":"Shading Mode"},"sceneLighting":false,"audioPlay":false,"sceneViewState":{"showFog":true,"showMaterialUpdate":false,"showSkybox":false,"showFlares":true,"showImageEffects":true,"showParticleSystems":true},"in2DMode":false,"pivot":{"x":0.0,"y":1004.97998046875,"z":3001.954345703125},"rotation":{"x":-0.016751179471611978,"y":-0.05349862575531006,"z":-0.0011159117566421629,"w":0.9985688328742981},"size":2.0409438610076906,"orthographic":false}