{"cameraMode":{"drawMode":0,"name":"Shaded","section":"Shading Mode"},"sceneLighting":true,"audioPlay":false,"sceneViewState":{"showFog":true,"showMaterialUpdate":false,"showSkybox":true,"showFlares":true,"showImageEffects":true,"showParticleSystems":true},"in2DMode":false,"pivot":{"x":22.64988136291504,"y":1022.9462890625,"z":2921.535400390625},"rotation":{"x":0.16097591817378999,"y":-0.02769484557211399,"z":0.004314878955483437,"w":0.9867041707038879},"size":31.5567569732666,"orthographic":false}